ground_truth	cosine_similarity
NFKB1	0.9960060579610195
YY1	0.9967742746007453
CEBPB	0.9968550088048505
FOXA1	0.9969989228977096
JUNB	0.9842804832602906
ESR2	0.9948588064702891
ELF1	0.9937982561970387
HAT5	0.9980535819527092
SOX6	0.9966966287053542
